"","flow","mean","std","minimum","maximum"
"1","DETAMP->CALLIO",0.00145968775886324,0.00127083687118579,3.11009285475591e-07,0.008342014063305
"2","DPAMP->CALLIO",0.000855403233892514,0.000804202273397951,5.04569620873819e-07,0.00769325750159959
"3","PAGURI->CALLIO",0.00165095975565376,0.00150091141984521,7.80906232991294e-08,0.0113266020924489
"4","CARNCR->CALLIO",0.0015157169784529,0.00132496651928103,6.69240611016371e-07,0.00905377222810251
"5","HSUDEBI->CALLIO",0.00158291177410093,0.00142412967977472,1.38947284290202e-07,0.0108801744683728
"6","SUDEBI->CALLIO",0.00165317755399296,0.0015604116498195,8.87719948775137e-07,0.0116846503477059
"7","SUSBIV->CALLIO",0.00153314499365764,0.00135407011201164,3.83614193766768e-07,0.00902791055519743
"8","DETBIV->CALLIO",0.00141208342594414,0.00119117859838151,1.93973499556686e-07,0.00941656542298551
"9","SUSGAS->CALLIO",0.00014585498954719,0.000134694795092501,1.00267510555214e-08,0.00101475275694101
"10","PARGAS->CALLIO",0.000346499336430394,0.000326412383732048,1.60254338183691e-08,0.00257367676860079
"11","SCAGAS->CALLIO",0.000661464195393466,0.000623014478622589,1.63233716292476e-08,0.00577824172869579
"12","BORGAS->CALLIO",0.00155358150887366,0.00145875396318263,4.00413913213928e-07,0.0122903361742238
"13","DETPOL->CALLIO",0.00165413740948566,0.00160907001365109,4.53393159114399e-07,0.0134256275708809
"14","NEPHTY->CALLIO",0.0016589792394622,0.00150265436267644,9.42194444692856e-08,0.0110479550852508
"15","CARPOLP->CALLIO",0.00163895939701383,0.001553875609171,9.92988377851792e-09,0.0120344430064371
"16","CARPOLC->CALLIO",0.00146746702252167,0.00127553286119209,1.59704332692846e-08,0.00942495902859893
"17","CARPOLPC->CALLIO",0.00171945461845245,0.00162800773565682,2.57574375071276e-07,0.0135224296386018
"18","SUDEPOL->CALLIO",0.00172718637091799,0.0016453488641649,6.79981283502329e-08,0.0139069615046802
"19","SUSWOR->CALLIO",0.00143548686176268,0.00132571523771705,1.33247388859053e-07,0.0102878052727015
"20","OPHIUR->CALLIO",0.00157074794892788,0.00133107336595648,2.84555902531445e-07,0.00809358664953139
"21","PSAMIL->CALLIO",0.00162730542876051,0.00141828852120514,1.48921846807384e-08,0.0102524805457131
"22","ZOOPLANKT->CALLIO",0.00161966830882623,0.00148399964397602,3.31918778525599e-08,0.0113184159627075
"23","CLUPEI->CARANG",2.46135441641584e-05,2.28996644863676e-05,6.36339416272905e-09,0.000180398510117368
"24","GOBIFO->CARANG",4.02564484794068e-05,2.31349334398646e-05,1.40880967429305e-08,0.000117501463875075
"25","DETAMP->CARANG",1.72624251042175e-05,1.53470388901931e-05,2.23174075585843e-09,0.000105971192228761
"26","DPAMP->CARANG",1.85067269950641e-05,1.61672052453054e-05,2.61600561346628e-09,0.000108023757939522
"27","CARSHR->CARANG",4.41316043665453e-05,3.03442265332714e-05,1.38051016900561e-08,0.00014701462706989
"28","HSUDEBI->CARANG",1.87475022878524e-05,1.68907412473286e-05,1.62543921464892e-11,0.00011868824660937
"29","SUDEBI->CARANG",2.57810187431848e-05,2.36002996790645e-05,7.27529914567801e-10,0.000166768631684205
"30","SUSBIV->CARANG",1.82535756440438e-05,1.62333111561279e-05,1.30145276051538e-09,0.000101425897735772
"31","DETBIV->CARANG",1.54874451514603e-05,1.38368398136151e-05,7.25248675437912e-09,0.000102632855270554
"32","ZOOPLANKT->CARANG",2.02309017953922e-05,1.81303651874541e-05,1.5026850536462e-09,0.000153813337138044
"33","ZOOPLANKT->CLUPEI",0.00119515514512931,0.000303849027135841,0.00034868061265472,0.00203759045723755
"34","CALLIO->GADIFO",0.00359355019432643,0.00225716695464934,9.34150526378866e-07,0.00949410541284996
"35","CARANG->GADIFO",1.85203090801451e-05,1.44406667027448e-05,3.01484867192697e-09,7.71487385616103e-05
"36","CLUPEI->GADIFO",0.000100852641100334,8.34083176968417e-05,9.65528409828387e-09,0.000493215359187956
"37","GADIFO->GADIFO",0.089997162225524,0.0319171174485056,0.000455583216185509,0.178963270562363
"38","PERCOI->GADIFO",0.00125455867741664,0.000744238140705526,4.99807529412638e-07,0.00288818950344476
"39","AMMODY->GADIFO",0.000954684660407269,0.000768893622055946,5.53671200198211e-08,0.00443949703923305
"40","PLEURO->GADIFO",0.0367993886735928,0.0298341267291291,1.66763246965424e-07,0.13785842564937
"41","JELLY->GADIFO",0.078647921673188,0.0798495947703049,7.05889017419033e-06,0.464398257306023
"42","CUMACE->GADIFO",0.00659645153311336,0.00631225215096656,2.19372305957696e-07,0.0552114136055231
"43","DETAMP->GADIFO",0.00888768606012629,0.00862834298418187,2.78314218056172e-06,0.0795965657360538
"44","DPAMP->GADIFO",0.00157441834660006,0.00145886339450791,2.52455781230747e-07,0.0121997603063687
"45","CARSHR->GADIFO",0.0161653861590353,0.0153544774708514,1.74527583822112e-06,0.113536844877208
"46","PAGURI->GADIFO",0.0184903973334301,0.01785510408433,2.72323456593053e-07,0.160885251693958
"47","CARNCR->GADIFO",0.0148380005979806,0.0131511470714027,4.58115538093471e-07,0.0963317895332629
"48","SEPATL->GADIFO",0.0410029872533611,0.0379121897767832,2.28076912806919e-06,0.299947833164982
"49","DETPOL->GADIFO",0.0142930860790422,0.0139474823723922,1.72148290377046e-07,0.128876595209447
"50","NEPHTY->GADIFO",0.0234851038666984,0.0233479643510746,7.58984569696614e-07,0.23255808652201
"51","CARPOLP->GADIFO",0.0117131515398188,0.0114564875774613,1.09103152531875e-06,0.126382800794949
"52","CARPOLC->GADIFO",0.0171088959075665,0.0161161665423906,4.34273879302942e-06,0.120114688830133
"53","CARPOLPC->GADIFO",0.0149405665758937,0.0146262102799401,3.02650609838569e-06,0.112038597515224
"54","SUDEPOL->GADIFO",0.0182825702503785,0.0181107218556419,2.94835356534628e-06,0.159938023103717
"55","SUSWOR->GADIFO",0.00602647735253475,0.00578441638218204,5.5870258210769e-08,0.0509148526031246
"56","ASTRUB->GADIFO",0.0297460839788628,0.0303015868608623,2.90823915393042e-06,0.252090672807816
"57","OPHIUR->GADIFO",0.0357185775139061,0.0345360837225249,5.84830701705081e-06,0.293831756558361
"58","ECHCOR->GADIFO",0.0147872589293257,0.0141458401362112,1.94439840901789e-06,0.140111742680346
"59","ZOOPLANKT->GADIFO",0.0155253656512083,0.0150100103952841,1.53846924387307e-08,0.114866551247497
"60","SUSBIV->GADIFO",0.0143494486743019,0.0135490484804454,2.67084606798233e-06,0.112238447667179
"61","ACRBRA->GADIFO",0.028307886314047,0.0272235374835686,7.11393843877189e-07,0.239589459253461
"62","GOBIFO->GOBIFO",0.000124842918728025,0.000100793442307418,1.06263799614574e-08,0.000585656772385129
"63","CUMACE->GOBIFO",6.46587250486099e-05,6.16235500334637e-05,6.60861505628755e-09,0.000493902654201262
"64","DETAMP->GOBIFO",6.91558626872933e-05,6.5353645111279e-05,1.0210221670009e-08,0.000506810016455768
"65","DPAMP->GOBIFO",7.19502872214864e-05,6.870933250812e-05,4.47567666584411e-09,0.00052849370736083
"66","CARSHR->GOBIFO",0.000346847505929432,0.000243794769098029,2.42893335953838e-08,0.00126810632984901
"67","HSUDEBI->GOBIFO",7.83149024328464e-05,7.47746700539509e-05,4.0211067833763e-09,0.000563266392822887
"68","SUDEBI->GOBIFO",0.000115928859927077,0.000110486622322418,2.87673010110456e-08,0.0010336841916513
"69","SUSBIV->GOBIFO",7.56581022852203e-05,7.06588287841277e-05,1.62805296713864e-09,0.000506337075521512
"70","DETBIV->GOBIFO",6.25732700167771e-05,5.90728141262937e-05,2.23317471943253e-09,0.000463676015344253
"71","SUSGAS->GOBIFO",6.73252794468971e-05,6.44443910461912e-05,2.78721804113976e-09,0.000498871126639207
"72","PARGAS->GOBIFO",0.000101951897953523,9.74721763574246e-05,8.47424162049235e-09,0.000819640138246394
"73","SCAGAS->GOBIFO",0.000133555558751854,0.00012962933290591,1.59241681076612e-08,0.000996439296496024
"74","BORGAS->GOBIFO",0.000130039236148562,0.000124530385377894,5.30299779490182e-09,0.00109627831294105
"75","DETPOL->GOBIFO",0.000126830555091692,0.000121508932371692,8.81082456485589e-09,0.000902566408716274
"76","NEPHTY->GOBIFO",0.00020679900032979,0.000188913629921858,2.16004065227903e-08,0.00146078492221257
"77","CARPOLP->GOBIFO",0.000105986834703497,9.98340615762973e-05,1.28849989755646e-08,0.000838272760412399
"78","CARPOLC->GOBIFO",0.000364970074130941,0.000244392695517738,1.72643647012151e-08,0.00131556282382004
"79","CARPOLPC->GOBIFO",0.000130627516768762,0.000123703834996263,2.73198956965664e-09,0.00115530169520656
"80","SUDEPOL->GOBIFO",0.000125951664378833,0.000120522095970006,3.32323593643657e-09,0.000983188000010789
"81","SUSWOR->GOBIFO",8.45211189233396e-05,8.19010189632969e-05,3.75836158765866e-08,0.00065863783762741
"82","ZOOPLANKT->GOBIFO",8.77134448403075e-05,8.37678019024162e-05,3.03162472880934e-09,0.000666418802967527
"83","SOM->GOBIFO",4.31823450397136e-05,4.03730223582799e-05,4.29890466254531e-09,0.000294850970935463
"84","SPOM->GOBIFO",6.65332523133586e-05,6.2633741641109e-05,1.88495972376808e-08,0.000514600483920989
"85","GOBIFO->COTTOI",0.000111857094411458,9.71085902694629e-05,7.7203838948995e-09,0.000601174187907882
"86","DETAMP->COTTOI",0.000621368400988057,0.000582803874367588,7.23463228234416e-08,0.00514170490853616
"87","DPAMP->COTTOI",0.000493120770247871,0.000479986083997393,1.09202937396754e-07,0.00454425534343889
"88","CARSHR->COTTOI",0.00308458843433476,0.00229330948371221,6.86549105944931e-07,0.0123711549727444
"89","PAGURI->COTTOI",0.00173869923967026,0.00164618835978958,2.90697183446864e-08,0.0142507579948728
"90","CARNCR->COTTOI",0.00285764764270932,0.00227570538928749,2.69229594360593e-07,0.0136872780143654
"91","HSUDEBI->COTTOI",0.000683823803527544,0.000636181172275494,1.13932628758472e-08,0.00488342312536973
"92","SUDEBI->COTTOI",0.0010191538549963,0.000973791579349455,7.3920470788238e-08,0.0105780888923395
"93","SUSBIV->COTTOI",0.000662127302806976,0.000617524872133509,1.53290526143596e-07,0.00457247593787025
"94","DETBIV->COTTOI",0.000540510467499003,0.000501098766625905,3.74586700495187e-09,0.00391999040586553
"95","SUSGAS->COTTOI",0.000137443400183467,0.000127414530092306,4.37858773059117e-09,0.000997174177563765
"96","PARGAS->COTTOI",0.000324909008045786,0.000299194030613263,6.28106179211140e-09,0.00222212893068546
"97","SCAGAS->COTTOI",0.000582559002435757,0.000543200882043353,1.48076435398007e-08,0.00401973980675524
"98","BORGAS->COTTOI",0.00107152687541476,0.0010238398665102,3.68014680792942e-08,0.00864587930823845
"99","DETPOL->COTTOI",0.00108323946189447,0.00103641086188646,7.70157697772139e-09,0.0104619765847527
"100","NEPHTY->COTTOI",0.00190500820957063,0.00180235609479136,2.99664876380994e-07,0.0146897684567889
"101","CARPOLP->COTTOI",0.000906191978401565,0.000854947833959795,9.46335939620618e-08,0.00636046834015936
"102","CARPOLC->COTTOI",0.00330301086872237,0.0023200181056963,1.14260679687624e-06,0.0126069898486005
"103","CARPOLPC->COTTOI",0.0011392687117977,0.00108490071584007,1.14867507645313e-08,0.00875283659003058
"104","SUDEPOL->COTTOI",0.00109882072826835,0.00105174616598751,2.30367050487595e-08,0.00834132022019535
"105","SUSWOR->COTTOI",0.000684809316260466,0.000648297438192989,7.03535789438109e-08,0.00496665954752312
"106","ZOOPLANKT->COTTOI",0.000744249442063371,0.000694387446801604,2.22446812060572e-07,0.00573805660073465
"107","GOBIFO->PERCOI",0.000107346432262438,9.32267434849664e-05,4.38056445869854e-09,0.000610964951521105
"108","CUMACE->PERCOI",0.000292578758412651,0.000262328600129581,2.56214036606925e-08,0.00179344235892597
"109","CALLIA->PERCOI",0.000297666659349453,0.000273539525700411,8.72249890624023e-09,0.00212104401187175
"110","DETAMP->PERCOI",0.00032500947963387,0.000297290112034799,6.03475387175000e-09,0.00228871014817271
"111","DPAMP->PERCOI",0.000292689212747002,0.000269893018387795,1.60165984561787e-08,0.00213389061135496
"112","CARSHR->PERCOI",0.00103243301005716,0.00079888484815357,3.41321862224646e-08,0.00471930158962934
"113","PAGURI->PERCOI",0.000752528949386445,0.000696533066153023,3.00132606824197e-08,0.00548492328939405
"114","CARNCR->PERCOI",0.000984904309765254,0.000801259129520825,1.19647412025564e-07,0.0051991058349818
"115","DETPOL->PERCOI",0.000535282630003125,0.000503768710422771,1.20554413080785e-08,0.00438792144651858
"116","NEPHTY->PERCOI",0.000783639038144822,0.000719634271898703,8.72711348547626e-08,0.00492481161671369
"117","CARPOLP->PERCOI",0.000469829172378081,0.000436411310202783,2.5556017954891e-08,0.00357082086513277
"118","CARPOLC->PERCOI",0.00105950599922376,0.000792560156514743,2.36893149785497e-07,0.00438499624248097
"119","CARPOLPC->PERCOI",0.000552142783954169,0.000512830752647353,2.42063928938493e-08,0.00435152677525862
"120","SUDEPOL->PERCOI",0.000537695859543845,0.000501999680266972,3.5658622027368e-09,0.00386698841317402
"121","ZOOPLANKT->PERCOI",0.000388702796667579,0.000352973465491528,1.95632999196497e-09,0.00251100790354173
"122","SOM->PERCOI",0.000202936661547788,0.000177964951382614,5.86897839656149e-08,0.00123588628486088
"123","CALLIO->SCORPA",0.00149762023107109,0.00126621662459631,7.27786353841913e-08,0.00803200005707106
"124","CARANG->SCORPA",1.85065721963624e-05,1.44407269347814e-05,1.18365446524077e-09,7.67256070914456e-05
"125","CLUPEI->SCORPA",9.48223875752096e-05,7.9901234919371e-05,8.97855143417644e-09,0.000491382382242097
"126","GADIFO->SCORPA",0.00185222929371191,0.00125463802430611,1.39997587444637e-07,0.00787960097192347
"127","GOBIFO->SCORPA",0.00010387992099299,9.13348511186587e-05,8.26837529932338e-09,0.000645784933190758
"128","AMMODY->SCORPA",0.000675547039573729,0.000594165652993683,1.11125067440079e-07,0.00462352629756584
"129","PLEURO->SCORPA",0.00182020891683305,0.00158212947185298,1.35197973170366e-07,0.00970362689303542
"130","CUMACE->SCORPA",0.000784864715094247,0.000662563627513857,3.97238042191633e-07,0.00500003878545731
"131","DETAMP->SCORPA",0.000839500094882047,0.000721405241974932,8.78737279678119e-09,0.00484139608022761
"132","DPAMP->SCORPA",0.000626835520553953,0.00056824910420708,1.83805626247904e-07,0.00473324635664518
"133","CARSHR->SCORPA",0.00164700707297885,0.00149530655066604,2.22000149119356e-07,0.0111147360715995
"134","PAGURI->SCORPA",0.00143786729332527,0.00129109415437751,2.82292611907505e-07,0.00909016741860578
"135","CARNCR->SCORPA",0.00162092990701007,0.00148802750708142,1.44659548212033e-07,0.0112073109367336
"136","ZOOPLANKT->SCORPA",0.000968257176707129,0.000820812612066222,1.47855489509782e-08,0.00566782706250573
"137","CARANG->AMMODY",1.81264723127739e-05,1.43694928327183e-05,1.24094607061986e-09,7.84468158506559e-05
"138","CLUPEI->AMMODY",9.7969168808598e-05,8.04804579728537e-05,8.79560127499629e-09,0.000500775169445974
"139","GADIFO->AMMODY",0.000735235845583912,0.000528957665339829,2.34491740619142e-08,0.00286419233441532
"140","GOBIFO->AMMODY",0.000101022240152873,8.8479708042082e-05,1.26802409740356e-08,0.0005893248589512
"141","AMMODY->AMMODY",0.000628743774055969,0.000541346211228974,8.14286660842656e-09,0.00357296017583702
"142","CUMACE->AMMODY",0.00299486941085736,0.00215779706826027,1.3405867985606e-06,0.011479230379084
"143","DETAMP->AMMODY",0.00312639731158891,0.00233693666095705,2.87988102523271e-08,0.0128494234643909
"144","DPAMP->AMMODY",0.00125299688927944,0.00115313414674649,8.0770796525537e-08,0.00928695747392934
"145","CARSHR->AMMODY",0.00111903090237296,0.000825572724065494,1.95532946068754e-07,0.00467787753032916
"146","ZOOPLANKT->AMMODY",0.00298857059259758,0.00242254201525891,2.78972364023758e-07,0.0160435986118336
"147","AMMODY->PLEURO",0.000926440807368567,0.000750740986224436,1.36308698360686e-07,0.00470206599772621
"148","PLEURO->PLEURO",0.00963770359115157,0.00906607423015238,3.36222527337165e-07,0.0711238696330206
"149","CUMACE->PLEURO",0.0120517375967473,0.0106089296075179,4.86840867998449e-08,0.0800106387111549
"150","CALLIA->PLEURO",0.00112964739075696,0.00079084783881432,4.54344638873286e-08,0.00386296388978525
"151","DETAMP->PLEURO",0.0181822158635632,0.0167416879454022,3.50459712736284e-07,0.142898688594724
"152","DPAMP->PLEURO",0.00169111806147371,0.00157245937892047,5.37144874818954e-08,0.0117833448914078
"153","CARSHR->PLEURO",0.00776021038108677,0.00736679896872391,2.60092585240785e-06,0.0688634525467943
"154","PAGURI->PLEURO",0.0113744241697972,0.010745409351078,7.35012816287635e-07,0.117600796876342
"155","CARNCR->PLEURO",0.00800595370313436,0.00755522733385484,3.83553960071295e-07,0.0720433383237008
"156","HSUDEBI->PLEURO",0.0401172457552284,0.0352364394592245,3.24061471864163e-06,0.262685660991978
"157","SUDEBI->PLEURO",0.0176506800938125,0.017138909601277,5.28965956971428e-06,0.153989571781981
"158","SUSBIV->PLEURO",0.0423794322141925,0.0355671019327382,6.03237883610645e-07,0.230283166977361
"159","DETBIV->PLEURO",0.0429303528348693,0.0318213472801419,2.21880035128124e-07,0.185885376512958
"160","DETPOL->PLEURO",0.0131378159242461,0.012644417324732,2.99166266213048e-06,0.127330754839617
"161","NEPHTY->PLEURO",0.0121275759819339,0.0115111507639776,1.40398793191009e-06,0.104400435970999
"162","CARPOLP->PLEURO",0.0128604238126151,0.012324902439924,4.56753877068804e-06,0.103223580589445
"163","CARPOLC->PLEURO",0.00780025544880978,0.00753694563751993,1.41555703131381e-06,0.0712537048856968
"164","CARPOLPC->PLEURO",0.0136695087694526,0.0133974117516778,1.45600874641275e-07,0.147635486153438
"165","SUDEPOL->PLEURO",0.0170830401367657,0.0166763481952613,7.17170521283284e-06,0.202257037201794
"166","SUSWOR->PLEURO",0.00756222852535585,0.00703967325912231,2.42181208782868e-07,0.0591363202876642
"167","ASTRUB->PLEURO",0.0158333893798485,0.0153364761439415,6.18318673402363e-06,0.147646422449379
"168","OPHIUR->PLEURO",0.0101362296410011,0.00956277030671407,2.01166068083483e-06,0.0734429728148736
"169","ECHCOR->PLEURO",0.0432725541944812,0.0371904693448195,6.92922718751556e-06,0.241804263899796
"170","ACRBRA->PLEURO",0.0113091154668695,0.0106547272794392,1.94912949629921e-07,0.0747031556944581
"171","PSAMIL->PLEURO",0.0129501941578162,0.0121655483757111,4.09697459120981e-06,0.090135557486335
"172","ZOOPLANKT->PLEURO",0.0329590874122401,0.0305281044566993,1.36342909043408e-06,0.203301745414707
"173","SEPATL->PLEURO",0.00949809813136646,0.0088705456098529,7.941818182069e-07,0.0672860969981667
"174","GOBIFO->PLEURO",0.000108969956626022,9.5064991248759e-05,1.58457532721239e-09,0.00065007606010477
"175","SUSGAS->PLEURO",0.000156733208891442,0.000143576985899312,4.43048605498163e-08,0.00122136331780123
"176","PARGAS->PLEURO",0.000418058346876032,0.000368791259570083,8.51035988437608e-09,0.00252201499155622
"177","SCAGAS->PLEURO",0.000945320704221621,0.000852001900964479,1.53742702297901e-08,0.00688173703486658
"178","BORGAS->PLEURO",0.00839313801993276,0.0078300818114873,5.38546005212687e-06,0.0684065819428643
"179","ZOOPLANKT->JELLY",2.63758678337872,0.601349876186678,1.1419487265669,4.96372187471552
"180","SPOM->JELLY",1.75839118891899,0.400899917457786,0.761299151044446,3.30914791647686
"181","SOM->CUMACE",0.205108424951965,0.0458307675281739,0.0784304281453431,0.319676177341458
"182","SPOM->CUMACE",0.0662233479663942,0.0147973778566301,0.025322828818068,0.103213833042822
"183","SOM->CALLIA",0.00564162017737939,0.00162383489455279,0.00136869056756675,0.0105654223647669
"184","SPOM->CALLIA",0.00192327960603695,0.00055358007768845,0.000466599057237149,0.00360184853355548
"185","SOM->DETAMP",0.577817955592523,0.0816260407299693,0.315112232881777,0.95224743867996
"186","ZOOPLANKT->DPAMP",0.0235223477906463,0.00477781423355756,0.0108473858817974,0.0354024533405198
"187","SOM->DPAMP",0.0345834518111973,0.00702452449814715,0.015948239957116,0.0520500355660708
"188","CUMACE->CARSHR",0.0120701962085652,0.0107804882352592,3.35706221865368e-06,0.0744862091914705
"189","DETAMP->CARSHR",0.0215286270952694,0.0198386199709228,7.66988302213883e-07,0.160667898235557
"190","DPAMP->CARSHR",0.00174095781653833,0.00162271777596913,6.1726795380835e-08,0.0113115937400417
"191","CARSHR->CARSHR",0.0240023728297365,0.0216512860003408,4.62536085390916e-06,0.173117033505089
"192","HSUDEBI->CARSHR",0.245661733418715,0.179008679695551,5.82654160130383e-05,1.0143977686948
"193","SUDEBI->CARSHR",0.0750730543458094,0.0613728133348108,2.93850695480422e-06,0.550003544764944
"194","SUSBIV->CARSHR",0.09752305460251,0.0744759209548015,5.80467197827065e-05,0.759339393802459
"195","DETBIV->CARSHR",0.042482808785788,0.0387732470734018,2.47663160287864e-06,0.345476384054047
"196","DETPOL->CARSHR",0.039724016192045,0.036131711873533,2.55906027786084e-06,0.2602516554623
"197","NEPHTY->CARSHR",0.159871695311471,0.0781565834933715,0.000186470012460971,0.518658728460636
"198","CARPOLP->CARSHR",0.0250616740141123,0.0226467745916336,6.44641552034178e-06,0.154634110014214
"199","CARPOLC->CARSHR",0.0234702741703685,0.021264916459246,1.17453698943301e-06,0.162792547988834
"200","CARPOLPC->CARSHR",0.0402092303187292,0.0361055614401666,3.66516730628084e-07,0.242347935436072
"201","SUDEPOL->CARSHR",0.126601043718416,0.0867501326250183,1.65052862373116e-05,0.516996676289007
"202","SUSWOR->CARSHR",0.00899006654946002,0.00818440056105984,1.37369799637011e-06,0.0614030363318231
"203","ZOOPLANKT->CARSHR",0.160922889784075,0.110501604489483,1.20870533088859e-05,0.641171200319399
"204","SOM->CARSHR",0.0697391377820078,0.0471292281974091,1.1558088822051e-05,0.309586995046506
"205","SPOM->CARSHR",0.117218273722893,0.0848608222735722,2.60859951305425e-05,0.613455583543471
"206","ZOOPLANKT->PAGURI",0.30018121001241,0.0923981932540432,0.0809808034741579,0.737029652653285
"207","SOM->PAGURI",0.0675904280336462,0.0340817440299508,9.84092194166016e-07,0.211335301952049
"208","SPOM->PAGURI",0.331470489416824,0.123387179868029,0.00312358824119685,0.950715579926116
"209","CUMACE->CARNCR",0.0101339599194418,0.00932272143698549,7.28329157743648e-07,0.0712530853899289
"210","DETAMP->CARNCR",0.0147022378299628,0.0140322199081958,6.99253212485567e-07,0.121966369557172
"211","DPAMP->CARNCR",0.00165080883182427,0.00152420517314508,8.20339263569937e-08,0.0119153334962121
"212","CARSHR->CARNCR",0.0098816370897033,0.00941379432707007,3.61176627362224e-07,0.0759678739816379
"213","PAGURI->CARNCR",0.0143859660842947,0.0133365356500425,2.42134491565036e-07,0.117744921503088
"214","HSUDEBI->CARNCR",0.029084531295325,0.027278648871422,1.48346611078543e-07,0.206810022017685
"215","SUDEBI->CARNCR",0.0183129942021429,0.0168386069249767,1.33246094764924e-06,0.138604456287071
"216","SUSBIV->CARNCR",0.0266189462028864,0.024431144338483,2.6374969877604e-06,0.201377382227736
"217","DETBIV->CARNCR",0.0249135161077349,0.023135642367724,5.38353087653192e-07,0.189167609536631
"218","SUSGAS->CARNCR",0.000155887894511464,0.000141695705284074,4.09330740731449e-09,0.00106653490692384
"219","PARGAS->CARNCR",0.000412552166157238,0.00036859118440074,6.59669120616142e-08,0.00280853715455496
"220","SCAGAS->CARNCR",0.000958992983447119,0.000856858750968206,8.48468524535266e-08,0.00567189465290504
"221","BORGAS->CARNCR",0.00878944549813571,0.00810552586090027,8.99602075278338e-08,0.0735207721220989
"222","DETPOL->CARNCR",0.0142859058360626,0.013487602526239,3.72363493740806e-07,0.112222500532366
"223","NEPHTY->CARNCR",0.0159109163608815,0.0147795199414415,8.66302092892475e-07,0.109126009273333
"224","CARPOLP->CARNCR",0.0129150940074839,0.0122035801481855,1.01545010211459e-06,0.110594969610505
"225","CARPOLC->CARNCR",0.00989403382591905,0.00936601522285996,3.14180456890347e-07,0.0851149086800331
"226","CARPOLPC->CARNCR",0.0151327334961176,0.0143144435107715,3.30464265643987e-06,0.111450341722376
"227","SUDEPOL->CARNCR",0.0186859731318184,0.0173463807143226,3.62538539286361e-07,0.149268995006462
"228","SUSWOR->CARNCR",0.00710132522325033,0.00679177266194915,7.55275495937439e-07,0.0514493262280731
"229","ASTRUB->CARNCR",0.0198946945960811,0.0188711831119172,1.45510663381135e-07,0.154523415014537
"230","PSAMIL->CARNCR",0.0172320418974984,0.016105239499411,2.21459376955832e-06,0.124702616670136
"231","SOM->CARNCR",0.0619705260433768,0.0222485398155612,0.000236435187168619,0.137755760165981
"232","PHYTOPLANKT->HSUDEBI",47.2958983258507,4.0726673716952,43.2132348521997,70.9884764784635
"233","SOM->HSUDEBI",3.14555689209565,3.80116355607755,0.000342594035909187,25.3109295478692
"234","SPOM->HSUDEBI",22.8798479951624,2.42509453695781,20.5330352380784,37.0235352029029
"235","ZOOPLANKT->SUDEBI",2.50202477921612,0.23852736948674,1.46882760682644,3.45972355108416
"236","PHYTOPLANKT->SUDEBI",2.08975484826701,0.221404530179219,1.32634623558942,2.93176913413825
"237","SOM->SUDEBI",0.14796941997992,0.104382793254075,1.33752891167302e-05,0.694361735482369
"238","SPOM->SUDEBI",0.241738425132765,0.122642294176733,0.000125858224049875,0.727141463344867
"239","ZOOPLANKT->SUSBIV",5.06080479825562,0.15119323924992,4.60150369921479,5.49920427675084
"240","PHYTOPLANKT->SUSBIV",19.7716534655889,0.551569617847856,18.0844426903245,21.3421886412065
"241","SPOM->SUSBIV",0.639505403286687,0.26631964286,0.000574348054063423,1.18213988162921
"242","SOM->DETBIV",1.14040953628106,0.0554716722676592,0.92175368354234,1.33485401721722
"243","PHYTOPLANKT->SUSGAS",0.00142243046680227,0.00031176805677068,0.000556564585427629,0.00218619151166114
"244","SPOM->SUSGAS",0.00260430284015715,0.000570810633352207,0.00101900427793392,0.00400265945905503
"245","SAGTRO->PARGAS",0.00134848236219212,0.000921754534974422,5.81403958449522e-07,0.00475918991260655
"246","ZOOPLANKT->PARGAS",0.00219541517952574,0.00162315157120836,1.87023297613855e-07,0.00844455903179292
"247","PHYTOPLANKT->PARGAS",0.00255445097818757,0.00163294810360524,8.67459123849931e-07,0.00872851879218753
"248","SOM->PARGAS",0.00274105718121536,0.00187555161628064,2.28798379300644e-07,0.00983335532477325
"249","SPOM->PARGAS",0.00253440792749084,0.00200462321998599,1.63470158685758e-07,0.0111227648682316
"250","DETAMP->SCAGAS",0.00130861326023025,0.00123222675811521,2.86707329206386e-07,0.00846587368633522
"251","DPAMP->SCAGAS",0.000742572311877962,0.000714122817432007,7.35953578475941e-08,0.00569800029099836
"252","CARSHR->SCAGAS",0.000565238761007393,0.000540076636650664,2.22359853721337e-08,0.00490800278838093
"253","PAGURI->SCAGAS",0.000677434136625576,0.000631558759180976,1.32649823969609e-07,0.00506475080891908
"254","CARNCR->SCAGAS",0.000584818558069774,0.000559489606643033,1.04157626779628e-08,0.00454200929100323
"255","HSUDEBI->SCAGAS",0.00119979612237301,0.00114102559405411,1.69375641588532e-07,0.00881387916276027
"256","SUDEBI->SCAGAS",0.000835996886413425,0.000796568755697892,1.35580699845805e-08,0.00650493052793735
"257","SUSBIV->SCAGAS",0.00123128503751698,0.00116666429590098,1.0090846125277e-07,0.0106175557238255
"258","DETBIV->SCAGAS",0.00168245241548135,0.00158349828056149,7.2035940110563e-08,0.017479359301762
"259","DETPOL->SCAGAS",0.00081210830846991,0.000772221851190755,8.43027757502397e-08,0.00578650957914589
"260","NEPHTY->SCAGAS",0.000656027685603671,0.000612737366845605,9.06688115128931e-08,0.00470199474966687
"261","CARPOLP->SCAGAS",0.000860774940284454,0.000816687971306753,8.97225862726147e-08,0.00708627157703081
"262","CARPOLC->SCAGAS",0.00055039585180488,0.000527361071070676,8.71368218985792e-08,0.00391183047845397
"263","CARPOLPC->SCAGAS",0.000782189637395853,0.000744527836253025,2.65281004696412e-08,0.0060335648610481
"264","SUDEPOL->SCAGAS",0.000811720575840725,0.000764727683824475,6.91015886501259e-08,0.00596763771269205
"265","SUSWOR->SCAGAS",0.000997698276297126,0.000945194961555654,2.93435802408572e-09,0.00799686451720192
"266","PSAMIL->SCAGAS",0.000629661189202283,0.000592661798970762,2.65654550036054e-08,0.00461974547746846
"267","SOM->SCAGAS",0.0133221915130093,0.00162591685979862,0.00578780997462881,0.0181913034710139
"268","HSUDEBI->BORGAS",0.0400328055032491,0.0310005077921716,7.74269665576588e-07,0.195513870903757
"269","SUDEBI->BORGAS",0.0274734215673458,0.0213532093313121,6.65082875604746e-06,0.125797552799229
"270","SUSBIV->BORGAS",0.0404322854364365,0.0321713732800111,5.3206362208105e-06,0.188073876218365
"271","DETBIV->BORGAS",0.031964520166809,0.0289533510759375,5.26127372591347e-07,0.235320400587386
"272","SUSGAS->BORGAS",0.000160013669798287,0.000143964470597609,1.5628323394879e-08,0.00103392064936065
"273","PARGAS->BORGAS",0.000425940761357048,0.000380822077516546,1.85725063008713e-08,0.00302531027755463
"274","SCAGAS->BORGAS",0.000972315334558993,0.000856711615701413,3.27085172154289e-08,0.00620678962145389
"275","BORGAS->BORGAS",0.010829660859129,0.00976936015390148,1.27269137682103e-06,0.0751903445074292
"276","SOM->BORGAS",0.116921045249019,0.0257830564538747,0.0354900950970041,0.199250379656133
"277","CUMACE->SEPATL",0.0119442509919831,0.0107773705045334,2.76388066990617e-06,0.0817675230863036
"278","DETAMP->SEPATL",0.0209202950314184,0.0193230770772121,1.34671126098343e-06,0.14491430753811
"279","DPAMP->SEPATL",0.0017515382454302,0.00161778140813795,8.44288291188943e-07,0.012460025715517
"280","CARSHR->SEPATL",0.0299853258905725,0.0249901253261027,2.54722052933642e-06,0.184753587601125
"281","PAGURI->SEPATL",0.0792723458656893,0.0539333231493562,2.83783695080543e-06,0.311248940445561
"282","CARNCR->SEPATL",0.026269495677685,0.019138209888939,9.470355172847e-07,0.0988047239607533
"283","HSUDEBI->SEPATL",0.191887556279547,0.137521031552724,4.7996441709941e-07,0.98640139509205
"284","SUDEBI->SEPATL",0.621006976792728,0.166309275937042,0.00808947865253039,1.18272955532763
"285","SUSBIV->SEPATL",0.102896059488276,0.0747184266466007,9.69197078216325e-06,0.540860805485329
"286","DETBIV->SEPATL",0.0414109956051895,0.0369292775647904,3.58123495722165e-06,0.254989526671712
"287","ZOOPLANKT->SEPATL",0.182599765113486,0.125460697485735,3.2159514902208e-05,1.12345349786944
"288","SOM->DETPOL",1.09551104421504,0.210408414673329,0.545153605942144,1.72527100443104
"289","HSUDEBI->NEPHTY",1.0758301840046,0.749695498683909,6.69563893185288e-05,4.03429194739425
"290","SUDEBI->NEPHTY",0.0815755561761374,0.064105055929815,4.86777148768209e-06,0.580797754275037
"291","SUSBIV->NEPHTY",0.272144365562412,0.24154252234953,3.54910154580575e-05,1.91201197015296
"292","DETBIV->NEPHTY",0.045384475311888,0.0412280737872971,4.46847305774417e-07,0.302775958871854
"293","DETPOL->NEPHTY",0.0377682071051168,0.0345735201117864,9.95777471853e-06,0.254217458145663
"294","NEPHTY->NEPHTY",0.239562902476978,0.142360336240616,2.36287280152708e-05,0.816754505454832
"295","CARPOLP->NEPHTY",0.0242590167806513,0.0222973642107114,5.02685065546544e-07,0.178141206215012
"296","CARPOLC->NEPHTY",0.0210821952725001,0.0198071347887235,1.31771415180868e-07,0.188166385352639
"297","CARPOLPC->NEPHTY",0.0386482960131953,0.0352661977436989,3.98329374728587e-07,0.251102618368314
"298","SUDEPOL->NEPHTY",0.357281811873326,0.208376134439639,1.46313245045215e-05,1.0326874871383
"299","SUSWOR->NEPHTY",0.00916741692755657,0.00837820859247548,2.65555756158716e-07,0.0619225024144981
"300","SOM->NEPHTY",0.150180949823518,0.101155999607594,5.53291959533089e-05,0.69519300780651
"301","SPOM->NEPHTY",5.3543319715158,0.353192035453039,3.50201190067492,6.2645133048845
"302","DETPOL->CARPOLP",0.028775728416923,0.024937503006813,6.07273745627924e-06,0.168153899543637
"303","NEPHTY->CARPOLP",0.0455259205663607,0.0302211793564939,5.82245186021428e-07,0.168200507856241
"304","CARPOLP->CARPOLP",0.020877935980645,0.0189920180039892,4.55443554071844e-07,0.155725437148926
"305","CARPOLC->CARPOLP",0.0176829147951576,0.0158246110787437,7.60282762571468e-08,0.114975446995439
"306","CARPOLPC->CARPOLP",0.0290086778595943,0.0254670484656735,6.77490882142613e-07,0.175903243341218
"307","SUDEPOL->CARPOLP",0.0523334118512779,0.0356515194053751,1.79690067883542e-05,0.253618327472721
"308","SUSWOR->CARPOLP",0.0085063022936395,0.00782924643941774,2.47461417611416e-06,0.0567214399272525
"309","SOM->CARPOLP",0.5383896662282,0.0558618700388514,0.309058694605246,0.796737142922233
"310","CUMACE->CARPOLC",0.0142847406651574,0.0122828358510422,3.92787858445949e-07,0.0876515871741109
"311","DETAMP->CARPOLC",0.0306432570142685,0.0262442445975589,4.92755023720907e-06,0.184522609084079
"312","DPAMP->CARPOLC",0.00178606079909059,0.00165849712669186,1.07060066155911e-07,0.0110596776134758
"313","CARSHR->CARPOLC",0.26904473553447,0.0406446203850212,0.123294194532987,0.413967122571538
"314","SOM->CARPOLC",0.182243658036335,0.0321663998714054,0.0590099314279399,0.301339297510116
"315","DETAMP->CARPOLPC",0.0278362847826697,0.0251392284349098,3.58398221684262e-06,0.159122661032244
"316","DPAMP->CARPOLPC",0.00173286202141545,0.00160931110261733,2.68136605444423e-07,0.0135852839293792
"317","DETPOL->CARPOLPC",0.0591954153142531,0.0512512252940795,4.06871313965912e-06,0.315939083130965
"318","NEPHTY->CARPOLPC",0.120071514876667,0.0732556733114987,9.51364065799432e-06,0.437074169618364
"319","CARPOLP->CARPOLPC",0.0285531659081377,0.0254453152790478,1.53628420963934e-06,0.181523237013424
"320","CARPOLC->CARPOLPC",0.0260644682503897,0.0237359948359305,1.37820381625993e-06,0.212561727832466
"321","CARPOLPC->CARPOLPC",0.045522145503093,0.0413713810963049,2.3206240951551e-07,0.281471874806606
"322","SUDEPOL->CARPOLPC",0.13544651090344,0.0915365306730939,2.48961354513688e-05,0.575011848126451
"323","SUSWOR->CARPOLPC",0.0093818509424351,0.00842204468439984,1.72481276627645e-07,0.0732074910888892
"324","SOM->CARPOLPC",0.734948556143775,0.116591268772984,0.249133270651482,1.12561179714651
"325","ZOOPLANKT->SUDEPOL",13.0886864230727,0.583386609074719,11.3066113764233,14.6621467694797
"326","PHYTOPLANKT->SUDEPOL",10.2364189385256,0.579142929916946,8.66455595275787,11.6895622393998
"327","SOM->SUDEPOL",0.207388258779848,0.150802116585059,3.87007788872126e-05,0.995927436734029
"328","SPOM->SUDEPOL",4.41645416029469,0.715014418591716,0.851510078360517,5.80569431255872
"329","ZOOPLANKT->SUSWOR",0.0108405795443552,0.00186394096872098,0.00536131406732992,0.016999203481583
"330","SPOM->SUSWOR",0.249333329518579,0.042870642280582,0.123310223546996,0.390981680074812
"331","CUMACE->ASTRUB",0.0132242072713639,0.0118936210898888,2.90954743683363e-07,0.081465614294917
"332","DETAMP->ASTRUB",0.0261349259324217,0.0243114096823569,1.12186889028864e-06,0.184243841390928
"333","DPAMP->ASTRUB",0.00172338000611158,0.00161477185453946,5.04372492061868e-07,0.0125311186680753
"334","CARSHR->ASTRUB",0.0252144751946476,0.0229591703434468,2.89186782788628e-06,0.177759061306288
"335","PAGURI->ASTRUB",0.0627536460428154,0.0504508999713359,5.15763076249791e-06,0.313464346142491
"336","CARNCR->ASTRUB",0.0235869883219459,0.0183019000943021,1.69847148333191e-06,0.101229215349946
"337","HSUDEBI->ASTRUB",2.86851337083566,1.48453145770083,0.000445328071624562,6.75948545479676
"338","SUDEBI->ASTRUB",0.197559421566489,0.132201613690156,4.4273131874277e-05,1.07543980261964
"339","SUSBIV->ASTRUB",1.17852364814409,0.629573533775649,0.00197646825634568,3.74143607674806
"340","DETBIV->ASTRUB",0.0864222993269685,0.0792438918134575,2.43503030945958e-06,0.531094119337264
"341","SUSGAS->ASTRUB",0.000162122177266434,0.000147780857850023,3.17441002905445e-09,0.00105324036814316
"342","PARGAS->ASTRUB",0.000428951533986696,0.000388744892900053,3.94313347214844e-08,0.00265731895800414
"343","SCAGAS->ASTRUB",0.00100430637578138,0.00088469811512082,1.01627457148703e-07,0.00631322754361231
"344","BORGAS->ASTRUB",0.0143421420080885,0.0122359573996031,8.30481229574816e-07,0.0766843689418591
"345","DETPOL->ASTRUB",0.0489304111642344,0.043720277673663,2.97705486015096e-06,0.311865243379358
"346","NEPHTY->ASTRUB",0.473395419515098,0.32882302294043,6.04751025906734e-05,2.0512409516775
"347","CARPOLP->ASTRUB",0.0293010378051526,0.0264292574647385,4.64595818304794e-06,0.206622416561608
"348","CARPOLC->ASTRUB",0.0256367782511707,0.0235258389049886,2.6270028364535e-06,0.170866094299148
"349","CARPOLPC->ASTRUB",0.0503215771623145,0.0449709421633005,4.0326937751512e-06,0.307614708372453
"350","SUDEPOL->ASTRUB",1.81269598461775,0.710974209958077,0.000526564522011164,3.69882610466622
"351","SUSWOR->ASTRUB",0.0097324842370469,0.008885554706322,3.70615196778609e-08,0.0704966491492969
"352","ASTRUB->ASTRUB",0.969660118148646,0.575023786474003,0.001383023355389,2.52301742147048
"353","SOM->ASTRUB",4.85729471246868,0.625537775736601,3.29400123925017,7.30058218996106
"354","DETAMP->OPHIUR",0.0231567496297287,0.0209383118925745,3.75506212762965e-06,0.149308058365656
"355","DPAMP->OPHIUR",0.00174334444621188,0.00160553298861033,4.67120937457173e-09,0.0127620339663337
"356","HSUDEBI->OPHIUR",2.11570063285209,1.21492193716131,0.000750920615495865,4.88269456589531
"357","SUDEBI->OPHIUR",0.0862359737409729,0.0672404053218034,1.32904046126139e-07,0.638280352264421
"358","SUSBIV->OPHIUR",0.450079884888734,0.318170652127076,1.88969660134264e-05,1.80663088506307
"359","DETBIV->OPHIUR",0.0468565880181827,0.0425932285417253,1.13853670240466e-06,0.35581706520677
"360","SUSGAS->OPHIUR",0.00015749997915114,0.000144226814920284,1.16292766529319e-08,0.00105450312509911
"361","PARGAS->OPHIUR",0.000433183378630824,0.000381841348769389,3.33705723969441e-08,0.00263542682570788
"362","SCAGAS->OPHIUR",0.00100560036672361,0.000878669337006726,2.46913379123743e-07,0.00601011524909842
"363","BORGAS->OPHIUR",0.0141739623363645,0.0120782451378099,1.22646377016496e-06,0.0782973456329218
"364","DETPOL->OPHIUR",0.0392411691295317,0.0357024048352186,2.00457183508352e-06,0.250659108954366
"365","NEPHTY->OPHIUR",0.210329936054787,0.168773697851551,3.21682061241724e-05,1.25352527077832
"366","CARPOLP->OPHIUR",0.025622422454936,0.0233624082304701,7.31954435282994e-07,0.181041929674567
"367","CARPOLC->OPHIUR",0.0241157236308781,0.0220403550936842,2.13069067766866e-07,0.161048976751781
"368","CARPOLPC->OPHIUR",0.0420037544171018,0.0371599344911659,2.61213631538948e-06,0.252667762439622
"369","SUDEPOL->OPHIUR",2.09885100401997,0.770227410559595,0.000862856859415562,3.60056653931523
"370","SUSWOR->OPHIUR",0.0091743637890079,0.00849796631655756,2.78338822715874e-07,0.0646638389346114
"371","OPHIUR->OPHIUR",0.541691980445582,0.309840060916499,0.000727647908861817,1.7819664366801
"372","ECHCOR->OPHIUR",1.82851053002799,1.21885200952181,0.000225639398135982,5.75946386133601
"373","ACRBRA->OPHIUR",0.345645803708604,0.268864352236073,0.000148487670150688,1.76612297139464
"374","SOM->OPHIUR",0.718133475566108,0.345934222022312,0.00138101168504867,1.94954699061677
"375","SOM->ECHCOR",40.5258770057936,4.60539448111425,30.5960247921016,55.6978655848143
"376","ZOOPLANKT->ACRBRA",4.88895030930622,0.340917461459729,3.90387763107708,6.26962101932192
"377","SOM->ACRBRA",0.102369474400307,0.071550670257846,2.85032249488877e-05,0.497454520812965
"378","SPOM->ACRBRA",1.33226024093864,0.2759388358549,0.0121395237738822,1.96394329723445
"379","HSUDEBI->PSAMIL",1.35722474053269,0.80842166755269,9.11959676015428e-05,3.87052425253507
"380","SUDEBI->PSAMIL",0.132667033613714,0.10226413947215,2.06471791061105e-05,0.700134176198116
"381","SUSBIV->PSAMIL",0.665219301879548,0.46281385515083,1.35116872979069e-06,2.81482325433528
"382","DETBIV->PSAMIL",0.0846775444502584,0.0744333297175473,2.09417426461428e-05,0.449002916196887
"383","SUSGAS->PSAMIL",0.000159845995595623,0.000145572710130913,9.86588719140841e-10,0.000963294355805445
"384","PARGAS->PSAMIL",0.00042850249730059,0.000381316053860336,2.5201029570475e-08,0.00304476341899448
"385","SCAGAS->PSAMIL",0.000987481953353736,0.000874513848251834,3.51902403714793e-09,0.00591671153103468
"386","BORGAS->PSAMIL",0.0145183045524033,0.0123110716785645,2.83985108097452e-06,0.0819693207949186
"387","DETPOL->PSAMIL",0.0519487624476841,0.0465552249585198,1.18881352817349e-07,0.331305267869956
"388","NEPHTY->PSAMIL",0.159029043790875,0.104093420957703,6.89113290947702e-05,0.77305128217489
"389","CARPOLP->PSAMIL",0.0331731545066515,0.0295939245284816,3.09647749861108e-06,0.194924263827674
"390","CARPOLC->PSAMIL",0.0250695960154301,0.0232361584265747,2.90441130528734e-06,0.224360886207577
"391","CARPOLPC->PSAMIL",0.0543448468281387,0.0483726547626919,1.39285933146639e-06,0.327618678571035
"392","SUDEPOL->PSAMIL",0.524377559297011,0.426913581029777,0.000191213786743472,2.53177138633351
"393","SUSWOR->PSAMIL",0.00991467072574566,0.00913555246594314,1.63415691937972e-07,0.0672425848975441
"394","OPHIUR->PSAMIL",0.176959982372692,0.11559077753952,1.67689813106303e-05,0.787696527884283
"395","ECHCOR->PSAMIL",1.52600066094778,1.06231850170098,0.000377037754740619,4.72322850401911
"396","ACRBRA->PSAMIL",0.239034016341288,0.15339795042211,2.02592706780502e-05,0.91794355189175
"397","SOM->PSAMIL",0.722467866410913,0.260575339238325,0.00766281091104526,1.84706426424058
"398","ZOOPLANKT->SAGTRO",10.9985604334891,1.39680914241307,6.27026420588595,14.8318769187756
"399","SPOM->SAGTRO",2.06903612115135,0.26276607629553,1.17955465259234,2.79015506392803
"400","PHYTOPLANKT->ZOOPLANKT",56.0610334903747,1.0614285666746,49.7928725954658,57.8435049181322
"401","DIC->PHYTOPLANKT",250,0,250,250
"402","SOM->SEDBAC",5.09902365376747,0.935664981727926,0.408449029373346,7.34827330433102
"403","SEDBAC->SOM",0.676158068935455,0.426145961963364,3.56969206478619e-05,1.95329611308366
"404","SPOM->WATBAC",8.92855431772627,0.891640759597732,3.96744742434963,10.7091205960461
"405","WATBAC->SPOM",0.653801049969616,0.519289318982603,5.69258321904504e-05,2.81828125142403
"406","CALLIO->SPOM",0.0176045077783217,0.00202836498769565,0.00555406070722276,0.0211556866332944
"407","CARANG->SPOM",0.000134494279875762,2.83689907223691e-05,2.51162925826774e-05,0.000185912604586399
"408","CLUPEI->SPOM",0.000555071974701596,0.000250852440206464,8.0301920909574e-05,0.00121697482127523
"409","GADIFO->SPOM",0.325067148747174,0.0393782371221157,0.105479161803952,0.393255814166179
"410","GOBIFO->SPOM",0.00161607310912988,0.000151646126060207,0.000599810683041884,0.0018684268975546
"411","COTTOI->SPOM",0.0142940003754583,0.00169249477961541,0.00548715542644759,0.0173596277373031
"412","PERCOI->SPOM",0.00491509377938348,0.000720629519219944,0.000997712700145973,0.00619943926887977
"413","SCORPA->SPOM",0.00775696048432303,0.00171360281619709,0.00143765052652475,0.011136442871469
"414","AMMODY->SPOM",0.00684373281029105,0.00207694172531132,0.00115674700617902,0.0111082749019372
"415","PLEURO->SPOM",0.2560854422473,0.030800615253254,0.0845301587989132,0.310205434123148
"416","JELLY->SPOM",1.73715912777173,0.553599848286808,0.458151659328262,4.71218289665498
"417","ZOOPLANKT->SPOM",0.563090265691154,0.566396082528803,0.000150341340448737,4.71715381399198
"418","PHYTOPLANKT->SPOM",50.7002242604237,0.423515180835874,48.8743505611001,51.5004350959292
"419","SPOM->SOM",5.8976534410861,0.488543762072336,4.77113387790756,7.81408393973131
"420","CUMACE->SOM",0.127109969241802,0.0539654429401587,0.023004880890496,0.253604934337037
"421","CALLIA->SOM",0.0035283382971848,0.00166369358543554,0.000442793579451792,0.00835618732753923
"422","DETAMP->SOM",0.247682546627194,0.0785521608095472,0.0733784036347664,0.568727243697139
"423","DPAMP->SOM",0.026677177324541,0.0111586585689595,0.00547104270698631,0.0521965065735902
"424","CARSHR->SOM",0.684827867073808,0.10561253194776,0.15458713144045,0.981192181154434
"425","PAGURI->SOM",0.302454405470185,0.0923498965722703,0.0817516684700912,0.704873832407047
"426","CARNCR->SOM",0.200621822405736,0.029322950253647,0.0395625879241659,0.253268884605507
"427","HSUDEBI->SOM",16.2683820487266,2.2804569794353,13.0728842323228,29.3519544089551
"428","SUDEBI->SOM",2.76593827041355,0.299410425755376,1.70562279041084,3.87502841809713
"429","SUSBIV->SOM",15.1145266568882,0.502563220477321,13.2902718366008,16.4860917617978
"430","DETBIV->SOM",0.370606695999739,0.0546151149802339,0.231512091226832,0.610354459090748
"431","SUSGAS->SOM",0.00187758492038859,0.000803228328209131,0.000368966322548136,0.00370909090736495
"432","PARGAS->SOM",0.00587164874376844,0.00185192212219505,0.00104197057320121,0.00923537463361016
"433","SCAGAS->SOM",0.0162580866055973,0.00184404361928204,0.00445159426527777,0.0193092131117634
"434","BORGAS->SOM",0.138447357875975,0.0433591481287023,0.0233996940362359,0.227985397161879
"435","SEPATL->SOM",0.528776767326916,0.187528174462852,0.145644155877387,1.29260355070274
"436","DETPOL->SOM",0.500533059419569,0.193947140312918,0.118279411163695,1.01896600931896
"437","NEPHTY->SOM",2.99184950612438,0.553705906834977,1.67265992218262,4.50720941505689
"438","CARPOLP->SOM",0.358652288693388,0.0694786172338435,0.0984095390094248,0.628245671265471
"439","CARPOLC->SOM",0.136645552043015,0.0414244939709296,0.0579709431459762,0.395989573230005
"440","CARPOLPC->SOM",0.591068899908158,0.161667964747008,0.0992240234225061,1.05458467217712
"441","SUDEPOL->SOM",11.6538579916484,1.06913545126219,9.14360771214774,14.8164891111393
"442","SUSWOR->SOM",0.116021823602125,0.0424710222563702,0.0280059525080796,0.244136488710862
"443","ASTRUB->SOM",3.58032138728454,0.602987839092954,2.04436989387458,5.9179803592471
"444","OPHIUR->SOM",2.58392714964378,0.520866911823652,1.53667306602562,4.97721369554203
"445","ECHCOR->SOM",9.03745622271934,1.40472219715759,6.21744800599714,16.109608125854
"446","ACRBRA->SOM",2.70566663680309,0.541591411269087,1.35661221864463,4.38011092844812
"447","PSAMIL->SOM",2.55740604481032,0.375357769558411,1.40276083896583,3.88465779013784
"448","SAGTRO->SOM",3.77264081085719,0.905228400450769,1.54946275672125,7.21247137529451
"449","CALLIO->DIC",0.00405365916557075,0.000184445924889283,0.00269797313136161,0.00424998060261419
"450","CARANG->DIC",3.4940278060431e-05,2.3911831398666e-06,2.25715214700684e-05,3.74993691414095e-05
"451","CLUPEI->DIC",0.000218964412999646,2.45882081254826e-05,0.000150003193920672,0.000249996570256669
"452","GADIFO->DIC",0.0751651434811006,0.00359395669101091,0.0513373048371549,0.0788749829932349
"453","GOBIFO->DIC",0.000362314894441577,1.22225093838969e-05,0.000270581958728317,0.000374998149063792
"454","COTTOI->DIC",0.00332435817538099,0.000167734689017962,0.00216612048084796,0.00349996278381431
"455","PERCOI->DIC",0.00117892359684248,6.65387820867056e-05,0.000774473955489843,0.00124999802112718
"456","SCORPA->DIC",0.00206121768523308,0.000167247392328124,0.00135147139009388,0.00224998763923588
"457","AMMODY->DIC",0.00204275398406536,0.000179823087887619,0.00135004866639105,0.00224997456905182
"458","PLEURO->DIC",0.0592842132328891,0.0027950814639291,0.0400976712292174,0.0622498200012479
"459","JELLY->DIC",1.10778285383109,0.149050865625002,0.797463938455573,1.32893200774014
"460","CUMACE->DIC",0.0468067828347744,0.00411833093450416,0.0309839442084404,0.0514996289712042
"461","CALLIA->DIC",0.00148548841280272,0.000188479961632957,0.00105028107751468,0.00174999962930702
"462","DETAMP->DIC",0.105987690372148,0.00883576337222539,0.0697884388920855,0.11599962508361
"463","DPAMP->DIC",0.00993389837558263,0.000636190359038297,0.00661696096701095,0.0106248593188127
"464","CARSHR->DIC",0.189840801702179,0.00954640590513457,0.123970873443929,0.20049970252711
"465","PAGURI->DIC",0.13891741089205,0.0166875293858195,0.0972191409932064,0.161998634949172
"466","CARNCR->DIC",0.0482008599860141,0.00249631841253956,0.0319690655979887,0.0508746809748361
"467","HSUDEBI->DIC",34.1280321965099,1.3323207934995,32.3277423788769,39.4717900339237
"468","SUDEBI->DIC",0.724975267229038,0.0536734502837887,0.492422153946802,0.798999146493823
"469","SUSBIV->DIC",3.20836015908495,0.0814460071046236,2.82101834756519,3.31786691501648
"470","DETBIV->DIC",0.250182631885037,0.0223665264031987,0.165991359015853,0.276498756363341
"471","SUSGAS->DIC",0.000689091962036113,5.53240162651936e-05,0.000451022158406991,0.000749992661049667
"472","PARGAS->DIC",0.00175080565002288,0.000113363998175767,0.0011560724577474,0.00187499708799797
"473","SCAGAS->DIC",0.00372772672929664,0.000141882074199853,0.00271983498263926,0.0038749801916214
"474","BORGAS->DIC",0.0423833467810844,0.00346613603766561,0.0278532267248316,0.0463749295290717
"475","SEPATL->DIC",0.366786718318921,0.0513033537233059,0.27517538921796,0.458620903077796
"476","DETPOL->DIC",0.193327905234459,0.0169124521272533,0.128079482494611,0.213373205447028
"477","NEPHTY->DIC",1.61945088944408,0.199317688116745,1.14160427897835,1.90245313210078
"478","CARPOLP->DIC",0.12314234764184,0.00990835040578713,0.0809543248491244,0.134749106793649
"479","CARPOLC->DIC",0.129630167419909,0.0177326158810121,0.0991511128086992,0.165244989404745
"480","CARPOLPC->DIC",0.193735191143387,0.0163701476114906,0.127632703243509,0.212622750809342
"481","SUDEPOL->DIC",5.67154120976499,0.715525744581217,4.02087625564737,6.69863178279348
"482","SUSWOR->DIC",0.0459515716804541,0.00337890936418708,0.0298601128702222,0.0497497211734904
"483","ASTRUB->DIC",5.39304357976337,0.78030182521959,4.04732939512097,6.74517464490414
"484","OPHIUR->DIC",2.42382703977028,0.327074122326739,1.8078593379889,3.01288802110367
"485","ECHCOR->DIC",22.0424653443147,2.39646537809303,19.2471813380013,32.0253376595252
"486","ACRBRA->DIC",1.4935096231125,0.212318142424116,1.10537995470875,1.8421236494969
"487","PSAMIL->DIC",1.569874752911,0.227504261833625,1.17506073805343,1.95834566922041
"488","SAGTRO->DIC",5.93556691921165,0.868176780323204,4.49794985919306,7.49622918040592
"489","SEDBAC->DIC",2.99409026161605,0.566017874246806,0.289130466216624,4.28550530639466
"490","WATBAC->DIC",5.20170400467392,0.590751640606154,2.20171607273257,6.30746758757994
"491","ZOOPLANKT->DIC",7.79212000632874,1.02856846234075,1.26279248929908,9.95340191990924
"492","CALLIO->EXP",0.00374054071519657,0.00227655389334715,3.99679627042029e-07,0.00956577575247322
"493","CARANG->EXP",1.86832606486266e-05,1.4673157960149e-05,1.05236807652507e-09,7.53866877113451e-05
"494","CLUPEI->EXP",0.000102861006473256,8.44066328013988e-05,4.06763113827441e-09,0.000467672574512033
"495","GADIFO->EXP",0.070389519364711,0.0331231664754275,2.35761011480179e-05,0.1742958125419
"496","GOBIFO->EXP",0.000109355179222761,9.36383786257616e-05,1.15677961980631e-10,0.000611105972000321
"497","COTTOI->EXP",0.00717557544405968,0.000654918505969196,0.0031172346547884,0.00816062208009553
"498","PERCOI->EXP",0.00126631569031382,0.000742747122105038,9.70027469000476e-08,0.00289283188495724
"499","SCORPA->EXP",0.004169897956236,0.00067506879905707,0.000813304894840553,0.00524485572887738
"500","AMMODY->EXP",0.000991059516449575,0.000782597830671794,1.01956295689952e-07,0.00450687732516424
"501","PLEURO->EXP",0.0804319429962815,0.0318406897024646,3.1939088765004e-05,0.141510938078058
"502","JELLY->EXP",1.47238806901817,0.827533490041831,0.000862352518860909,3.06917953904439
"503","CUMACE->EXP",0.0129725050317621,0.0114297658738681,9.36889296282439e-07,0.0756640502788819
"504","CALLIA->EXP",0.00112375901727707,0.000794835519057173,4.08262818630926e-07,0.003752696409382
"505","DETAMP->EXP",0.0243884447450443,0.0221670459382958,2.36046881318952e-06,0.159772019713739
"506","DPAMP->EXP",0.00174616044543745,0.00160906726612966,2.7388811080914e-07,0.0141793282393807
"507","CARSHR->EXP",0.0273290175126579,0.0247099814387991,6.12641122132189e-06,0.185370700339491
"508","PAGURI->EXP",0.0653360422142203,0.0522065495652153,3.14595652850524e-06,0.304870946671298
"509","CARNCR->EXP",0.0239375823504964,0.0184455840059541,4.30871971328131e-07,0.0972388069786619
"510","HSUDEBI->EXP",14.957272573372,11.9739687933583,0.00261984661560799,73.2929903681009
"511","SUDEBI->EXP",0.229368784806523,0.202166641010691,5.51706261882057e-05,1.64750180370513
"512","SUSBIV->EXP",4.25538995518784,1.39300295748573,0.000292881876312379,7.36911677919508
"513","DETBIV->EXP",0.0688640007447753,0.0605484390328132,3.64399936214621e-06,0.43513277183172
"514","SUSGAS->EXP",0.000157329894581974,0.000144079451187154,6.93905916776018e-09,0.00113202355366798
"515","PARGAS->EXP",0.000430810443845908,0.000387127239577342,1.46744508948762e-08,0.00289232555260248
"516","SCAGAS->EXP",0.00101356564654843,0.000890133427711328,7.36436192635276e-08,0.00602433568581406
"517","BORGAS->EXP",0.0145795029847539,0.0124632826387151,3.51963316130854e-06,0.0745511313516018
"518","SEPATL->EXP",0.363880033942838,0.16127530580929,0.00102850883230432,0.954986644666498
"519","DETPOL->EXP",0.0501379635704639,0.0455867721306168,1.78800079803088e-06,0.321145362221493
"520","NEPHTY->EXP",1.63139647128954,0.944110193346014,0.000309537638860657,3.88086928176693
"521","CARPOLP->EXP",0.0309871025126456,0.0279220051099407,1.39350244654501e-06,0.191799262843179
"522","CARPOLC->EXP",0.0270562471853497,0.0250879577228585,2.26812377462915e-06,0.228494915679026
"523","CARPOLPC->EXP",0.0558236633705847,0.0485185259483026,1.34569755760872e-06,0.347763349495055
"524","SUDEPOL->EXP",5.45760829433471,2.40496601429591,0.00203764304212495,13.2197849157362
"525","SUSWOR->EXP",0.00944081161991264,0.008623348661655,1.95903803967834e-06,0.0575944198050376
"526","ASTRUB->EXP",2.76806315495982,1.60965054002234,0.000195136360942705,10.1766739757568
"527","OPHIUR->EXP",2.84903187553873,1.32460265906091,0.00235187105563561,6.13883082715159
"528","ECHCOR->EXP",6.03338443465186,4.24302767435899,0.00156514201780933,24.2476446290299
"529","ACRBRA->EXP",1.50010694289349,0.839988364929022,0.000399818638916916,3.96877624944185
"530","PSAMIL->EXP",1.61848291475793,0.583505544147628,0.322208533564487,4.26154186495081
"531","SAGTRO->EXP",3.35804034220906,1.19937073718606,1.14586529145875,7.97329204931035
"532","SEDBAC->EXP",1.42877532320931,0.700274507384099,0.000285697328740842,3.06726043697499
"533","WATBAC->EXP",3.07304926307803,0.782078893946875,0.000152168944511644,4.49321543103739
"534","PHYTOPLANKT->EXP",63.8410397895242,2.02064869030129,51.0296092838452,67.0492453024872
"535","ZOOPLANKT->EXP",7.79245048334446,1.02885942369711,1.26810511884178,9.95312741961123
"536","SOM->BUR",23.4399999999998,0,23.4399999999998,23.4399999999998
